,Password,Predicted Strength,Confidence,Weak Probability,Medium Probability,Strong Probability
0,password123,Medium,99.68128234932354,0.00011998346919655217,99.68128234932354,0.31859766720722243
1,P@ssw0rd!,Strong,51.433643091627616,2.8871787657110692,45.67917814266133,51.433643091627616
2,abc123,Medium,43.33181760010791,36.80885850277794,43.33181760010791,19.85932389711412
3,SuperSecure2024!,Strong,86.07284171273506,0.3296296296296296,13.597528657635326,86.07284171273506
4,qwerty,Weak,56.24570760244102,56.24570760244102,43.75429239755899,0.0
5,Complex!P@ssw0rd2024,Strong,83.08576565653071,0.75,16.164234343469296,83.08576565653071
