,Password,Predicted Strength,Confidence,Weak Probability,Medium Probability,Strong Probability
0,password123,Medium,97.7065375728546,0.00016162218446050944,97.7065375728546,2.2933008049609773
1,P@ssw0rd!,Medium,52.32639904948514,9.376073838294678,52.32639904948514,38.29752711222018
2,abc123,Strong,54.31794964415955,33.87921786906758,11.802832486772857,54.31794964415955
3,SuperSecure2024!,Strong,74.0939941992526,7.000000000000001,18.9060058007474,74.0939941992526
4,qwerty,Weak,87.62894642461045,87.62894642461045,12.366071704449267,0.004981870940302535
5,Complex!P@ssw0rd2024,Strong,70.20034024895621,0.5714285714285714,29.22823117961524,70.20034024895621
